[
{
    "model": "contenttypes.contenttype",
    "pk": 1,
    "fields": {
        "app_label": "admin",
        "model": "logentry"
    }
},
{
    "model": "contenttypes.contenttype",
    "pk": 2,
    "fields": {
        "app_label": "auth",
        "model": "permission"
    }
},
{
    "model": "contenttypes.contenttype",
    "pk": 3,
    "fields": {
        "app_label": "auth",
        "model": "group"
    }
},
{
    "model": "contenttypes.contenttype",
    "pk": 4,
    "fields": {
        "app_label": "auth",
        "model": "user"
    }
},
{
    "model": "contenttypes.contenttype",
    "pk": 5,
    "fields": {
        "app_label": "contenttypes",
        "model": "contenttype"
    }
},
{
    "model": "contenttypes.contenttype",
    "pk": 6,
    "fields": {
        "app_label": "sessions",
        "model": "session"
    }
},
{
    "model": "contenttypes.contenttype",
    "pk": 7,
    "fields": {
        "app_label": "gold_efficiency",
        "model": "effect"
    }
},
{
    "model": "contenttypes.contenttype",
    "pk": 8,
    "fields": {
        "app_label": "gold_efficiency",
        "model": "item"
    }
},
{
    "model": "contenttypes.contenttype",
    "pk": 9,
    "fields": {
        "app_label": "gold_efficiency",
        "model": "patchversion"
    }
},
{
    "model": "contenttypes.contenttype",
    "pk": 10,
    "fields": {
        "app_label": "gold_efficiency",
        "model": "stats"
    }
},
{
    "model": "contenttypes.contenttype",
    "pk": 11,
    "fields": {
        "app_label": "gold_efficiency",
        "model": "tag"
    }
},
{
    "model": "sessions.session",
    "pk": "24nm38kksbihw9conqox0hzln1hiz2fa",
    "fields": {
        "session_data": "ZWU2YzlmYWVjMTk2MTUzMzZmZDk4OTU5MjVjOGNiOTYyOTU3NjAzNTp7Il9hdXRoX3VzZXJfaWQiOiIxIiwiX2F1dGhfdXNlcl9iYWNrZW5kIjoiZGphbmdvLmNvbnRyaWIuYXV0aC5iYWNrZW5kcy5Nb2RlbEJhY2tlbmQiLCJfYXV0aF91c2VyX2hhc2giOiI5N2Q4NmM5MTIxODcxZjgxYjI2NmE4OGE5ZmUxNmQ5NzQ1NmY5ZDk3In0=",
        "expire_date": "2018-04-04T06:01:40.343Z"
    }
},
{
    "model": "sessions.session",
    "pk": "bblmwitpxe3ui4v2bm8wq4jefqe20j71",
    "fields": {
        "session_data": "ZWU2YzlmYWVjMTk2MTUzMzZmZDk4OTU5MjVjOGNiOTYyOTU3NjAzNTp7Il9hdXRoX3VzZXJfaWQiOiIxIiwiX2F1dGhfdXNlcl9iYWNrZW5kIjoiZGphbmdvLmNvbnRyaWIuYXV0aC5iYWNrZW5kcy5Nb2RlbEJhY2tlbmQiLCJfYXV0aF91c2VyX2hhc2giOiI5N2Q4NmM5MTIxODcxZjgxYjI2NmE4OGE5ZmUxNmQ5NzQ1NmY5ZDk3In0=",
        "expire_date": "2018-04-05T02:30:54.663Z"
    }
},
{
    "model": "gold_efficiency.patchversion",
    "pk": 3,
    "fields": {
        "version_str": "8.5.2"
    }
},
{
    "model": "gold_efficiency.item",
    "pk": 10,
    "fields": {
        "name": "\u30c8\u30ea\u30cb\u30c6\u30a3\u30fb\u30d5\u30a9\u30fc\u30b9",
        "riot_item_id": 3078,
        "base_cost": 333,
        "total_cost": 3733,
        "is_purchasable": true,
        "sell_gold": 2613,
        "image_json": "{'full': '3078.png', 'sprite': 'item1.png', 'group': 'item', 'x': 0, 'y': 96, 'w': 48, 'h': 48}",
        "from_item_str": "['3101', '3057', '3044']",
        "into_item_str": "['3384']",
        "depth": 3,
        "patch_version": 3
    }
},
{
    "model": "gold_efficiency.item",
    "pk": 11,
    "fields": {
        "name": "\u30b9\u30c6\u30a3\u30f3\u30ac\u30fc",
        "riot_item_id": 3101,
        "base_cost": 500,
        "total_cost": 1100,
        "is_purchasable": true,
        "sell_gold": 770,
        "image_json": "{'full': '3101.png', 'sprite': 'item1.png', 'group': 'item', 'x': 288, 'y': 144, 'w': 48, 'h': 48}",
        "from_item_str": "['1042', '1042']",
        "into_item_str": "['3078']",
        "depth": 2,
        "patch_version": 3
    }
},
{
    "model": "gold_efficiency.item",
    "pk": 12,
    "fields": {
        "name": "\u30b7\u30fc\u30f3",
        "riot_item_id": 3057,
        "base_cost": 700,
        "total_cost": 1050,
        "is_purchasable": true,
        "sell_gold": 735,
        "image_json": "{'full': '3057.png', 'sprite': 'item1.png', 'group': 'item', 'x': 288, 'y': 0, 'w': 48, 'h': 48}",
        "from_item_str": "['1027']",
        "into_item_str": "['3078']",
        "depth": 2,
        "patch_version": 3
    }
},
{
    "model": "gold_efficiency.item",
    "pk": 13,
    "fields": {
        "name": "\u30d5\u30a1\u30fc\u30b8",
        "riot_item_id": 3044,
        "base_cost": 500,
        "total_cost": 1250,
        "is_purchasable": true,
        "sell_gold": 875,
        "image_json": "{'full': '3044.png', 'sprite': 'item0.png', 'group': 'item', 'x': 384, 'y': 432, 'w': 48, 'h': 48}",
        "from_item_str": "['1028', '1036']",
        "into_item_str": "['3078']",
        "depth": 2,
        "patch_version": 3
    }
},
{
    "model": "gold_efficiency.item",
    "pk": 14,
    "fields": {
        "name": "\u30b5\u30d5\u30a1\u30a4\u30a2\u30af\u30ea\u30b9\u30bf\u30eb",
        "riot_item_id": 1027,
        "base_cost": 350,
        "total_cost": 350,
        "is_purchasable": true,
        "sell_gold": 245,
        "image_json": "{'full': '1027.png', 'sprite': 'item0.png', 'group': 'item', 'x': 288, 'y': 0, 'w': 48, 'h': 48}",
        "from_item_str": null,
        "into_item_str": "['3057']",
        "depth": null,
        "patch_version": 3
    }
},
{
    "model": "gold_efficiency.item",
    "pk": 15,
    "fields": {
        "name": "\u30eb\u30d3\u30fc\u30af\u30ea\u30b9\u30bf\u30eb",
        "riot_item_id": 1028,
        "base_cost": 400,
        "total_cost": 400,
        "is_purchasable": true,
        "sell_gold": 280,
        "image_json": "{'full': '1028.png', 'sprite': 'item0.png', 'group': 'item', 'x': 336, 'y': 0, 'w': 48, 'h': 48}",
        "from_item_str": null,
        "into_item_str": "['3044']",
        "depth": null,
        "patch_version": 3
    }
},
{
    "model": "gold_efficiency.item",
    "pk": 16,
    "fields": {
        "name": "\u30ed\u30f3\u30b0\u30bd\u30fc\u30c9",
        "riot_item_id": 1036,
        "base_cost": 350,
        "total_cost": 350,
        "is_purchasable": true,
        "sell_gold": 245,
        "image_json": "{'full': '1036.png', 'sprite': 'item0.png', 'group': 'item', 'x': 48, 'y': 48, 'w': 48, 'h': 48}",
        "from_item_str": null,
        "into_item_str": "['3044']",
        "depth": null,
        "patch_version": 3
    }
},
{
    "model": "gold_efficiency.item",
    "pk": 17,
    "fields": {
        "name": "\u30c8\u30ea\u30cb\u30c6\u30a3\u30fb\u30d5\u30e5\u30fc\u30b8\u30e7\u30f3",
        "riot_item_id": 3384,
        "base_cost": 1000,
        "total_cost": 4733,
        "is_purchasable": true,
        "sell_gold": 3313,
        "image_json": "{'full': '3384.png', 'sprite': 'item2.png', 'group': 'item', 'x': 48, 'y': 96, 'w': 48, 'h': 48}",
        "from_item_str": "['3078']",
        "into_item_str": null,
        "depth": 4,
        "patch_version": 3
    }
},
{
    "model": "gold_efficiency.item",
    "pk": 18,
    "fields": {
        "name": "\u30c0\u30ac\u30fc",
        "riot_item_id": 1042,
        "base_cost": 300,
        "total_cost": 300,
        "is_purchasable": true,
        "sell_gold": 210,
        "image_json": "{'full': '1042.png', 'sprite': 'item0.png', 'group': 'item', 'x': 288, 'y': 48, 'w': 48, 'h': 48}",
        "from_item_str": null,
        "into_item_str": "['3101']",
        "depth": null,
        "patch_version": 3
    }
},
{
    "model": "gold_efficiency.stats",
    "pk": 1,
    "fields": {
        "name": "Health",
        "amount": 250.0,
        "item": 10
    }
},
{
    "model": "gold_efficiency.stats",
    "pk": 2,
    "fields": {
        "name": "Mana",
        "amount": 250.0,
        "item": 10
    }
},
{
    "model": "gold_efficiency.stats",
    "pk": 3,
    "fields": {
        "name": "AttackDamage",
        "amount": 25.0,
        "item": 10
    }
},
{
    "model": "gold_efficiency.stats",
    "pk": 4,
    "fields": {
        "name": "AttackSpeed",
        "amount": 40.0,
        "item": 10
    }
},
{
    "model": "gold_efficiency.stats",
    "pk": 5,
    "fields": {
        "name": "CooldownReduction",
        "amount": 20.0,
        "item": 10
    }
},
{
    "model": "gold_efficiency.stats",
    "pk": 6,
    "fields": {
        "name": "PercentMovementSpeed",
        "amount": 5.0,
        "item": 10
    }
},
{
    "model": "gold_efficiency.stats",
    "pk": 7,
    "fields": {
        "name": "AttackSpeed",
        "amount": 35.0,
        "item": 11
    }
},
{
    "model": "gold_efficiency.stats",
    "pk": 8,
    "fields": {
        "name": "Mana",
        "amount": 250.0,
        "item": 12
    }
},
{
    "model": "gold_efficiency.stats",
    "pk": 9,
    "fields": {
        "name": "Health",
        "amount": 200.0,
        "item": 13
    }
},
{
    "model": "gold_efficiency.stats",
    "pk": 10,
    "fields": {
        "name": "AttackDamage",
        "amount": 15.0,
        "item": 13
    }
},
{
    "model": "gold_efficiency.stats",
    "pk": 11,
    "fields": {
        "name": "Mana",
        "amount": 250.0,
        "item": 14
    }
},
{
    "model": "gold_efficiency.stats",
    "pk": 12,
    "fields": {
        "name": "Health",
        "amount": 150.0,
        "item": 15
    }
},
{
    "model": "gold_efficiency.stats",
    "pk": 13,
    "fields": {
        "name": "AttackDamage",
        "amount": 10.0,
        "item": 16
    }
},
{
    "model": "gold_efficiency.stats",
    "pk": 14,
    "fields": {
        "name": "Health",
        "amount": 350.0,
        "item": 17
    }
},
{
    "model": "gold_efficiency.stats",
    "pk": 15,
    "fields": {
        "name": "Mana",
        "amount": 350.0,
        "item": 17
    }
},
{
    "model": "gold_efficiency.stats",
    "pk": 16,
    "fields": {
        "name": "AttackDamage",
        "amount": 35.0,
        "item": 17
    }
},
{
    "model": "gold_efficiency.stats",
    "pk": 17,
    "fields": {
        "name": "AttackSpeed",
        "amount": 50.0,
        "item": 17
    }
},
{
    "model": "gold_efficiency.stats",
    "pk": 18,
    "fields": {
        "name": "CooldownReduction",
        "amount": 20.0,
        "item": 17
    }
},
{
    "model": "gold_efficiency.stats",
    "pk": 19,
    "fields": {
        "name": "PercentMovementSpeed",
        "amount": 8.0,
        "item": 17
    }
},
{
    "model": "gold_efficiency.stats",
    "pk": 20,
    "fields": {
        "name": "AttackSpeed",
        "amount": 12.0,
        "item": 18
    }
},
{
    "model": "gold_efficiency.stats",
    "pk": 21,
    "fields": {
        "name": "CooldownReduction",
        "amount": 10.0,
        "item": 12
    }
},
{
    "model": "gold_efficiency.effect",
    "pk": 1,
    "fields": {
        "description": "<unique>\u81ea\u52d5\u52b9\u679c(\u91cd\u8907\u4e0d\u53ef) - \u75be\u99c6:</unique> \u901a\u5e38\u653b\u6483\u3092\u3059\u308b\u3068\u79fb\u52d5\u901f\u5ea6\u304c20\u5897\u52a0\u3059\u308b\u3002\u52b9\u679c\u306f2\u79d2\u9593\u3002\u30ad\u30eb\u3059\u308b\u3068\u79fb\u52d5\u901f\u5ea6\u304c60\u5897\u52a0\u3059\u308b\u3002\u9060\u9694\u30c1\u30e3\u30f3\u30d4\u30aa\u30f3\u306e\u5834\u5408\u3001\u3053\u306e\u5897\u52a0\u79fb\u52d5\u901f\u5ea6\u306f\u534a\u5206\u306b\u306a\u308b\u3002",
        "is_unique": true,
        "is_evaluable": false,
        "item": 10
    }
},
{
    "model": "gold_efficiency.effect",
    "pk": 2,
    "fields": {
        "description": "<unique>\u81ea\u52d5\u52b9\u679c(\u91cd\u8907\u4e0d\u53ef) - \u8ffd\u6483: </unique>\u30b9\u30ad\u30eb\u4f7f\u7528\u5f8c\u3001\u6b21\u306e\u901a\u5e38\u653b\u6483\u306e\u547d\u4e2d\u6642\u306b\u57fa\u672c\u653b\u6483\u529b\u306e200%\u306b\u7b49\u3057\u3044\u8ffd\u52a0\u7269\u7406\u30c0\u30e1\u30fc\u30b8\u3092\u4e0e\u3048\u308b (\u30af\u30fc\u30eb\u30c0\u30a6\u30f31.5\u79d2)\u3002",
        "is_unique": true,
        "is_evaluable": false,
        "item": 10
    }
},
{
    "model": "gold_efficiency.effect",
    "pk": 3,
    "fields": {
        "description": "<unique>\u81ea\u52d5\u52b9\u679c(\u91cd\u8907\u4e0d\u53ef) :</unique> \u30af\u30fc\u30eb\u30c0\u30a6\u30f3\u77ed\u7e2e +10%",
        "is_unique": true,
        "is_evaluable": false,
        "item": 11
    }
},
{
    "model": "gold_efficiency.effect",
    "pk": 4,
    "fields": {
        "description": "<unique>\u81ea\u52d5\u52b9\u679c(\u91cd\u8907\u4e0d\u53ef) - \u8ffd\u6483:</unique> \u30b9\u30ad\u30eb\u3092\u4f7f\u3063\u305f\u5f8c\u3001\u6b21\u306e\u901a\u5e38\u653b\u6483\u306e\u547d\u4e2d\u6642\u306b\u3001\u57fa\u672c\u653b\u6483\u529b\u306e100%\u306b\u7b49\u3057\u3044\u8ffd\u52a0\u7269\u7406\u30c0\u30e1\u30fc\u30b8\u3092\u5f97\u308b (\u30af\u30fc\u30eb\u30c0\u30a6\u30f31.5\u79d2)",
        "is_unique": true,
        "is_evaluable": false,
        "item": 12
    }
},
{
    "model": "gold_efficiency.effect",
    "pk": 5,
    "fields": {
        "description": "<unique>\u81ea\u52d5\u52b9\u679c(\u91cd\u8907\u4e0d\u53ef) - \u75be\u99c6:</unique> \u901a\u5e38\u653b\u6483\u3067\u30012\u79d2\u9593\u79fb\u52d5\u901f\u5ea6\u304c20 \u5897\u52a0\u3059\u308b\u3002\u6575\u3092\u30ad\u30eb\u3057\u305f\u5834\u5408\u3001\u79fb\u52d5\u901f\u5ea6\u306f60\u5897\u52a0\u3059\u308b\u3002\u9060\u9694\u30c1\u30e3\u30f3\u30d4\u30aa\u30f3\u306e\u5834\u5408\u3001\u3053\u306e\u5897\u52a0\u79fb\u52d5\u901f\u5ea6\u306f\u534a\u5206\u306b\u306a\u308b\u3002",
        "is_unique": true,
        "is_evaluable": false,
        "item": 13
    }
},
{
    "model": "gold_efficiency.effect",
    "pk": 6,
    "fields": {
        "description": "<unique>\u81ea\u52d5\u52b9\u679c(\u91cd\u8907\u4e0d\u53ef) - \u75be\u99c6:</unique> \u901a\u5e38\u653b\u6483\u3092\u3059\u308b\u3068\u79fb\u52d5\u901f\u5ea6\u304c20\u5897\u52a0\u3059\u308b\u3002\u52b9 \u679c\u306f2\u79d2\u9593\u3002\u30ad\u30eb\u3059\u308b\u3068\u79fb\u52d5\u901f\u5ea6\u304c60\u5897\u52a0\u3059\u308b\u3002\u9060\u9694\u30c1\u30e3\u30f3\u30d4\u30aa\u30f3\u306e\u5834\u5408\u3001\u3053\u306e\u5897\u52a0\u79fb\u52d5\u901f\u5ea6\u306f\u534a\u5206\u306b\u306a\u308b\u3002",
        "is_unique": true,
        "is_evaluable": false,
        "item": 17
    }
},
{
    "model": "gold_efficiency.effect",
    "pk": 7,
    "fields": {
        "description": "<unique>\u81ea\u52d5\u52b9\u679c(\u91cd\u8907\u4e0d\u53ef) - \u8ffd\u6483:</unique> \u30b9\u30ad\u30eb\u4f7f\u7528\u5f8c\u3001\u6b21\u306e\u901a\u5e38\u653b\u6483\u306e\u547d\u4e2d\u6642\u306b\u57fa\u672c\u653b\u6483\u529b\u306e200%\u306b\u7b49\u3057\u3044\u8ffd\u52a0\u7269\u7406\u30c0\u30e1\u30fc\u30b8\u3092\u4e0e\u3048\u308b(\u30af\u30fc\u30eb\u30c0\u30a6\u30f31.5\u79d2)\u3002",
        "is_unique": true,
        "is_evaluable": false,
        "item": 17
    }
},
{
    "model": "gold_efficiency.tag",
    "pk": 37,
    "fields": {
        "name": "Health",
        "item": 10
    }
},
{
    "model": "gold_efficiency.tag",
    "pk": 38,
    "fields": {
        "name": "Damage",
        "item": 10
    }
},
{
    "model": "gold_efficiency.tag",
    "pk": 39,
    "fields": {
        "name": "AttackSpeed",
        "item": 10
    }
},
{
    "model": "gold_efficiency.tag",
    "pk": 40,
    "fields": {
        "name": "Mana",
        "item": 10
    }
},
{
    "model": "gold_efficiency.tag",
    "pk": 41,
    "fields": {
        "name": "CooldownReduction",
        "item": 10
    }
},
{
    "model": "gold_efficiency.tag",
    "pk": 42,
    "fields": {
        "name": "OnHit",
        "item": 10
    }
},
{
    "model": "gold_efficiency.tag",
    "pk": 43,
    "fields": {
        "name": "NonbootsMovement",
        "item": 10
    }
},
{
    "model": "gold_efficiency.tag",
    "pk": 44,
    "fields": {
        "name": "AttackSpeed",
        "item": 11
    }
},
{
    "model": "gold_efficiency.tag",
    "pk": 45,
    "fields": {
        "name": "CooldownReduction",
        "item": 11
    }
},
{
    "model": "gold_efficiency.tag",
    "pk": 46,
    "fields": {
        "name": "Mana",
        "item": 12
    }
},
{
    "model": "gold_efficiency.tag",
    "pk": 47,
    "fields": {
        "name": "CooldownReduction",
        "item": 12
    }
},
{
    "model": "gold_efficiency.tag",
    "pk": 48,
    "fields": {
        "name": "Damage",
        "item": 13
    }
},
{
    "model": "gold_efficiency.tag",
    "pk": 49,
    "fields": {
        "name": "Health",
        "item": 13
    }
},
{
    "model": "gold_efficiency.tag",
    "pk": 50,
    "fields": {
        "name": "NonbootsMovement",
        "item": 13
    }
},
{
    "model": "gold_efficiency.tag",
    "pk": 51,
    "fields": {
        "name": "OnHit",
        "item": 13
    }
},
{
    "model": "gold_efficiency.tag",
    "pk": 52,
    "fields": {
        "name": "Mana",
        "item": 14
    }
},
{
    "model": "gold_efficiency.tag",
    "pk": 53,
    "fields": {
        "name": "Health",
        "item": 15
    }
},
{
    "model": "gold_efficiency.tag",
    "pk": 54,
    "fields": {
        "name": "Damage",
        "item": 16
    }
},
{
    "model": "gold_efficiency.tag",
    "pk": 55,
    "fields": {
        "name": "Lane",
        "item": 16
    }
},
{
    "model": "gold_efficiency.tag",
    "pk": 56,
    "fields": {
        "name": "Health",
        "item": 17
    }
},
{
    "model": "gold_efficiency.tag",
    "pk": 57,
    "fields": {
        "name": "Damage",
        "item": 17
    }
},
{
    "model": "gold_efficiency.tag",
    "pk": 58,
    "fields": {
        "name": "AttackSpeed",
        "item": 17
    }
},
{
    "model": "gold_efficiency.tag",
    "pk": 59,
    "fields": {
        "name": "Mana",
        "item": 17
    }
},
{
    "model": "gold_efficiency.tag",
    "pk": 60,
    "fields": {
        "name": "CooldownReduction",
        "item": 17
    }
},
{
    "model": "gold_efficiency.tag",
    "pk": 61,
    "fields": {
        "name": "OnHit",
        "item": 17
    }
},
{
    "model": "gold_efficiency.tag",
    "pk": 62,
    "fields": {
        "name": "NonbootsMovement",
        "item": 17
    }
},
{
    "model": "gold_efficiency.tag",
    "pk": 63,
    "fields": {
        "name": "AttackSpeed",
        "item": 18
    }
},
{
    "model": "auth.permission",
    "pk": 1,
    "fields": {
        "name": "Can add log entry",
        "content_type": 1,
        "codename": "add_logentry"
    }
},
{
    "model": "auth.permission",
    "pk": 2,
    "fields": {
        "name": "Can change log entry",
        "content_type": 1,
        "codename": "change_logentry"
    }
},
{
    "model": "auth.permission",
    "pk": 3,
    "fields": {
        "name": "Can delete log entry",
        "content_type": 1,
        "codename": "delete_logentry"
    }
},
{
    "model": "auth.permission",
    "pk": 4,
    "fields": {
        "name": "Can add permission",
        "content_type": 2,
        "codename": "add_permission"
    }
},
{
    "model": "auth.permission",
    "pk": 5,
    "fields": {
        "name": "Can change permission",
        "content_type": 2,
        "codename": "change_permission"
    }
},
{
    "model": "auth.permission",
    "pk": 6,
    "fields": {
        "name": "Can delete permission",
        "content_type": 2,
        "codename": "delete_permission"
    }
},
{
    "model": "auth.permission",
    "pk": 7,
    "fields": {
        "name": "Can add group",
        "content_type": 3,
        "codename": "add_group"
    }
},
{
    "model": "auth.permission",
    "pk": 8,
    "fields": {
        "name": "Can change group",
        "content_type": 3,
        "codename": "change_group"
    }
},
{
    "model": "auth.permission",
    "pk": 9,
    "fields": {
        "name": "Can delete group",
        "content_type": 3,
        "codename": "delete_group"
    }
},
{
    "model": "auth.permission",
    "pk": 10,
    "fields": {
        "name": "Can add user",
        "content_type": 4,
        "codename": "add_user"
    }
},
{
    "model": "auth.permission",
    "pk": 11,
    "fields": {
        "name": "Can change user",
        "content_type": 4,
        "codename": "change_user"
    }
},
{
    "model": "auth.permission",
    "pk": 12,
    "fields": {
        "name": "Can delete user",
        "content_type": 4,
        "codename": "delete_user"
    }
},
{
    "model": "auth.permission",
    "pk": 13,
    "fields": {
        "name": "Can add content type",
        "content_type": 5,
        "codename": "add_contenttype"
    }
},
{
    "model": "auth.permission",
    "pk": 14,
    "fields": {
        "name": "Can change content type",
        "content_type": 5,
        "codename": "change_contenttype"
    }
},
{
    "model": "auth.permission",
    "pk": 15,
    "fields": {
        "name": "Can delete content type",
        "content_type": 5,
        "codename": "delete_contenttype"
    }
},
{
    "model": "auth.permission",
    "pk": 16,
    "fields": {
        "name": "Can add session",
        "content_type": 6,
        "codename": "add_session"
    }
},
{
    "model": "auth.permission",
    "pk": 17,
    "fields": {
        "name": "Can change session",
        "content_type": 6,
        "codename": "change_session"
    }
},
{
    "model": "auth.permission",
    "pk": 18,
    "fields": {
        "name": "Can delete session",
        "content_type": 6,
        "codename": "delete_session"
    }
},
{
    "model": "auth.permission",
    "pk": 19,
    "fields": {
        "name": "Can add effect",
        "content_type": 7,
        "codename": "add_effect"
    }
},
{
    "model": "auth.permission",
    "pk": 20,
    "fields": {
        "name": "Can change effect",
        "content_type": 7,
        "codename": "change_effect"
    }
},
{
    "model": "auth.permission",
    "pk": 21,
    "fields": {
        "name": "Can delete effect",
        "content_type": 7,
        "codename": "delete_effect"
    }
},
{
    "model": "auth.permission",
    "pk": 22,
    "fields": {
        "name": "Can add item",
        "content_type": 8,
        "codename": "add_item"
    }
},
{
    "model": "auth.permission",
    "pk": 23,
    "fields": {
        "name": "Can change item",
        "content_type": 8,
        "codename": "change_item"
    }
},
{
    "model": "auth.permission",
    "pk": 24,
    "fields": {
        "name": "Can delete item",
        "content_type": 8,
        "codename": "delete_item"
    }
},
{
    "model": "auth.permission",
    "pk": 25,
    "fields": {
        "name": "Can add patch version",
        "content_type": 9,
        "codename": "add_patchversion"
    }
},
{
    "model": "auth.permission",
    "pk": 26,
    "fields": {
        "name": "Can change patch version",
        "content_type": 9,
        "codename": "change_patchversion"
    }
},
{
    "model": "auth.permission",
    "pk": 27,
    "fields": {
        "name": "Can delete patch version",
        "content_type": 9,
        "codename": "delete_patchversion"
    }
},
{
    "model": "auth.permission",
    "pk": 28,
    "fields": {
        "name": "Can add stats",
        "content_type": 10,
        "codename": "add_stats"
    }
},
{
    "model": "auth.permission",
    "pk": 29,
    "fields": {
        "name": "Can change stats",
        "content_type": 10,
        "codename": "change_stats"
    }
},
{
    "model": "auth.permission",
    "pk": 30,
    "fields": {
        "name": "Can delete stats",
        "content_type": 10,
        "codename": "delete_stats"
    }
},
{
    "model": "auth.permission",
    "pk": 31,
    "fields": {
        "name": "Can add tag",
        "content_type": 11,
        "codename": "add_tag"
    }
},
{
    "model": "auth.permission",
    "pk": 32,
    "fields": {
        "name": "Can change tag",
        "content_type": 11,
        "codename": "change_tag"
    }
},
{
    "model": "auth.permission",
    "pk": 33,
    "fields": {
        "name": "Can delete tag",
        "content_type": 11,
        "codename": "delete_tag"
    }
},
{
    "model": "auth.user",
    "pk": 1,
    "fields": {
        "password": "pbkdf2_sha256$100000$Ai50SHJV4pY3$6wNzk2tehCQPlPLhpFBpDMk7qLaBQjCyYuIl+c4KlaE=",
        "last_login": "2018-03-22T02:30:54.634Z",
        "is_superuser": true,
        "username": "admin",
        "first_name": "",
        "last_name": "",
        "email": "admin@admin.com",
        "is_staff": true,
        "is_active": true,
        "date_joined": "2018-03-21T06:01:22.851Z",
        "groups": [],
        "user_permissions": []
    }
},
{
    "model": "admin.logentry",
    "pk": 1,
    "fields": {
        "action_time": "2018-03-21T06:20:00.879Z",
        "user": 1,
        "content_type": 9,
        "object_id": "2",
        "object_repr": "8.5.2",
        "action_flag": 3,
        "change_message": ""
    }
},
{
    "model": "admin.logentry",
    "pk": 2,
    "fields": {
        "action_time": "2018-03-21T06:20:16.033Z",
        "user": 1,
        "content_type": 9,
        "object_id": "1",
        "object_repr": "8.5.2",
        "action_flag": 3,
        "change_message": ""
    }
},
{
    "model": "admin.logentry",
    "pk": 3,
    "fields": {
        "action_time": "2018-03-21T06:26:44.947Z",
        "user": 1,
        "content_type": 11,
        "object_id": "9",
        "object_repr": "AttackSpeed",
        "action_flag": 3,
        "change_message": ""
    }
},
{
    "model": "admin.logentry",
    "pk": 4,
    "fields": {
        "action_time": "2018-03-21T06:26:44.958Z",
        "user": 1,
        "content_type": 11,
        "object_id": "8",
        "object_repr": "AttackSpeed",
        "action_flag": 3,
        "change_message": ""
    }
},
{
    "model": "admin.logentry",
    "pk": 5,
    "fields": {
        "action_time": "2018-03-21T06:26:44.971Z",
        "user": 1,
        "content_type": 11,
        "object_id": "7",
        "object_repr": "AttackSpeed",
        "action_flag": 3,
        "change_message": ""
    }
},
{
    "model": "admin.logentry",
    "pk": 6,
    "fields": {
        "action_time": "2018-03-21T06:26:44.983Z",
        "user": 1,
        "content_type": 11,
        "object_id": "6",
        "object_repr": "AttackSpeed",
        "action_flag": 3,
        "change_message": ""
    }
},
{
    "model": "admin.logentry",
    "pk": 7,
    "fields": {
        "action_time": "2018-03-21T06:26:44.994Z",
        "user": 1,
        "content_type": 11,
        "object_id": "5",
        "object_repr": "AttackSpeed",
        "action_flag": 3,
        "change_message": ""
    }
},
{
    "model": "admin.logentry",
    "pk": 8,
    "fields": {
        "action_time": "2018-03-21T06:26:45.006Z",
        "user": 1,
        "content_type": 11,
        "object_id": "4",
        "object_repr": "AttackSpeed",
        "action_flag": 3,
        "change_message": ""
    }
},
{
    "model": "admin.logentry",
    "pk": 9,
    "fields": {
        "action_time": "2018-03-21T06:26:45.017Z",
        "user": 1,
        "content_type": 11,
        "object_id": "3",
        "object_repr": "AttackSpeed",
        "action_flag": 3,
        "change_message": ""
    }
},
{
    "model": "admin.logentry",
    "pk": 10,
    "fields": {
        "action_time": "2018-03-21T06:26:45.030Z",
        "user": 1,
        "content_type": 11,
        "object_id": "2",
        "object_repr": "AttackSpeed",
        "action_flag": 3,
        "change_message": ""
    }
},
{
    "model": "admin.logentry",
    "pk": 11,
    "fields": {
        "action_time": "2018-03-21T06:26:45.044Z",
        "user": 1,
        "content_type": 11,
        "object_id": "1",
        "object_repr": "AttackSpeed",
        "action_flag": 3,
        "change_message": ""
    }
},
{
    "model": "admin.logentry",
    "pk": 12,
    "fields": {
        "action_time": "2018-03-21T06:28:44.304Z",
        "user": 1,
        "content_type": 11,
        "object_id": "36",
        "object_repr": "AttackSpeed",
        "action_flag": 3,
        "change_message": ""
    }
},
{
    "model": "admin.logentry",
    "pk": 13,
    "fields": {
        "action_time": "2018-03-21T06:28:44.315Z",
        "user": 1,
        "content_type": 11,
        "object_id": "35",
        "object_repr": "NonbootsMovement",
        "action_flag": 3,
        "change_message": ""
    }
},
{
    "model": "admin.logentry",
    "pk": 14,
    "fields": {
        "action_time": "2018-03-21T06:28:44.327Z",
        "user": 1,
        "content_type": 11,
        "object_id": "34",
        "object_repr": "OnHit",
        "action_flag": 3,
        "change_message": ""
    }
},
{
    "model": "admin.logentry",
    "pk": 15,
    "fields": {
        "action_time": "2018-03-21T06:28:44.339Z",
        "user": 1,
        "content_type": 11,
        "object_id": "33",
        "object_repr": "CooldownReduction",
        "action_flag": 3,
        "change_message": ""
    }
},
{
    "model": "admin.logentry",
    "pk": 16,
    "fields": {
        "action_time": "2018-03-21T06:28:44.351Z",
        "user": 1,
        "content_type": 11,
        "object_id": "32",
        "object_repr": "Mana",
        "action_flag": 3,
        "change_message": ""
    }
},
{
    "model": "admin.logentry",
    "pk": 17,
    "fields": {
        "action_time": "2018-03-21T06:28:44.363Z",
        "user": 1,
        "content_type": 11,
        "object_id": "31",
        "object_repr": "AttackSpeed",
        "action_flag": 3,
        "change_message": ""
    }
},
{
    "model": "admin.logentry",
    "pk": 18,
    "fields": {
        "action_time": "2018-03-21T06:28:44.374Z",
        "user": 1,
        "content_type": 11,
        "object_id": "30",
        "object_repr": "Damage",
        "action_flag": 3,
        "change_message": ""
    }
},
{
    "model": "admin.logentry",
    "pk": 19,
    "fields": {
        "action_time": "2018-03-21T06:28:44.386Z",
        "user": 1,
        "content_type": 11,
        "object_id": "29",
        "object_repr": "Health",
        "action_flag": 3,
        "change_message": ""
    }
},
{
    "model": "admin.logentry",
    "pk": 20,
    "fields": {
        "action_time": "2018-03-21T06:28:44.399Z",
        "user": 1,
        "content_type": 11,
        "object_id": "28",
        "object_repr": "Lane",
        "action_flag": 3,
        "change_message": ""
    }
},
{
    "model": "admin.logentry",
    "pk": 21,
    "fields": {
        "action_time": "2018-03-21T06:28:44.411Z",
        "user": 1,
        "content_type": 11,
        "object_id": "27",
        "object_repr": "Damage",
        "action_flag": 3,
        "change_message": ""
    }
},
{
    "model": "admin.logentry",
    "pk": 22,
    "fields": {
        "action_time": "2018-03-21T06:28:44.424Z",
        "user": 1,
        "content_type": 11,
        "object_id": "26",
        "object_repr": "Health",
        "action_flag": 3,
        "change_message": ""
    }
},
{
    "model": "admin.logentry",
    "pk": 23,
    "fields": {
        "action_time": "2018-03-21T06:28:44.439Z",
        "user": 1,
        "content_type": 11,
        "object_id": "25",
        "object_repr": "Mana",
        "action_flag": 3,
        "change_message": ""
    }
},
{
    "model": "admin.logentry",
    "pk": 24,
    "fields": {
        "action_time": "2018-03-21T06:28:44.452Z",
        "user": 1,
        "content_type": 11,
        "object_id": "24",
        "object_repr": "OnHit",
        "action_flag": 3,
        "change_message": ""
    }
},
{
    "model": "admin.logentry",
    "pk": 25,
    "fields": {
        "action_time": "2018-03-21T06:28:44.470Z",
        "user": 1,
        "content_type": 11,
        "object_id": "23",
        "object_repr": "NonbootsMovement",
        "action_flag": 3,
        "change_message": ""
    }
},
{
    "model": "admin.logentry",
    "pk": 26,
    "fields": {
        "action_time": "2018-03-21T06:28:44.487Z",
        "user": 1,
        "content_type": 11,
        "object_id": "22",
        "object_repr": "Health",
        "action_flag": 3,
        "change_message": ""
    }
},
{
    "model": "admin.logentry",
    "pk": 27,
    "fields": {
        "action_time": "2018-03-21T06:28:44.506Z",
        "user": 1,
        "content_type": 11,
        "object_id": "21",
        "object_repr": "Damage",
        "action_flag": 3,
        "change_message": ""
    }
},
{
    "model": "admin.logentry",
    "pk": 28,
    "fields": {
        "action_time": "2018-03-21T06:28:44.524Z",
        "user": 1,
        "content_type": 11,
        "object_id": "20",
        "object_repr": "CooldownReduction",
        "action_flag": 3,
        "change_message": ""
    }
},
{
    "model": "admin.logentry",
    "pk": 29,
    "fields": {
        "action_time": "2018-03-21T06:28:44.538Z",
        "user": 1,
        "content_type": 11,
        "object_id": "19",
        "object_repr": "Mana",
        "action_flag": 3,
        "change_message": ""
    }
},
{
    "model": "admin.logentry",
    "pk": 30,
    "fields": {
        "action_time": "2018-03-21T06:28:44.552Z",
        "user": 1,
        "content_type": 11,
        "object_id": "18",
        "object_repr": "CooldownReduction",
        "action_flag": 3,
        "change_message": ""
    }
},
{
    "model": "admin.logentry",
    "pk": 31,
    "fields": {
        "action_time": "2018-03-21T06:28:44.564Z",
        "user": 1,
        "content_type": 11,
        "object_id": "17",
        "object_repr": "AttackSpeed",
        "action_flag": 3,
        "change_message": ""
    }
},
{
    "model": "admin.logentry",
    "pk": 32,
    "fields": {
        "action_time": "2018-03-21T06:28:44.579Z",
        "user": 1,
        "content_type": 11,
        "object_id": "16",
        "object_repr": "NonbootsMovement",
        "action_flag": 3,
        "change_message": ""
    }
},
{
    "model": "admin.logentry",
    "pk": 33,
    "fields": {
        "action_time": "2018-03-21T06:28:44.591Z",
        "user": 1,
        "content_type": 11,
        "object_id": "15",
        "object_repr": "OnHit",
        "action_flag": 3,
        "change_message": ""
    }
},
{
    "model": "admin.logentry",
    "pk": 34,
    "fields": {
        "action_time": "2018-03-21T06:28:44.603Z",
        "user": 1,
        "content_type": 11,
        "object_id": "14",
        "object_repr": "CooldownReduction",
        "action_flag": 3,
        "change_message": ""
    }
},
{
    "model": "admin.logentry",
    "pk": 35,
    "fields": {
        "action_time": "2018-03-21T06:28:44.615Z",
        "user": 1,
        "content_type": 11,
        "object_id": "13",
        "object_repr": "Mana",
        "action_flag": 3,
        "change_message": ""
    }
},
{
    "model": "admin.logentry",
    "pk": 36,
    "fields": {
        "action_time": "2018-03-21T06:28:44.627Z",
        "user": 1,
        "content_type": 11,
        "object_id": "12",
        "object_repr": "AttackSpeed",
        "action_flag": 3,
        "change_message": ""
    }
},
{
    "model": "admin.logentry",
    "pk": 37,
    "fields": {
        "action_time": "2018-03-21T06:28:44.639Z",
        "user": 1,
        "content_type": 11,
        "object_id": "11",
        "object_repr": "Damage",
        "action_flag": 3,
        "change_message": ""
    }
},
{
    "model": "admin.logentry",
    "pk": 38,
    "fields": {
        "action_time": "2018-03-21T06:28:44.651Z",
        "user": 1,
        "content_type": 11,
        "object_id": "10",
        "object_repr": "Health",
        "action_flag": 3,
        "change_message": ""
    }
},
{
    "model": "admin.logentry",
    "pk": 39,
    "fields": {
        "action_time": "2018-03-21T06:28:52.314Z",
        "user": 1,
        "content_type": 8,
        "object_id": "9",
        "object_repr": "\u30c0\u30ac\u30fc",
        "action_flag": 3,
        "change_message": ""
    }
},
{
    "model": "admin.logentry",
    "pk": 40,
    "fields": {
        "action_time": "2018-03-21T06:28:52.334Z",
        "user": 1,
        "content_type": 8,
        "object_id": "8",
        "object_repr": "\u30c8\u30ea\u30cb\u30c6\u30a3\u30fb\u30d5\u30e5\u30fc\u30b8\u30e7\u30f3",
        "action_flag": 3,
        "change_message": ""
    }
},
{
    "model": "admin.logentry",
    "pk": 41,
    "fields": {
        "action_time": "2018-03-21T06:28:52.346Z",
        "user": 1,
        "content_type": 8,
        "object_id": "7",
        "object_repr": "\u30ed\u30f3\u30b0\u30bd\u30fc\u30c9",
        "action_flag": 3,
        "change_message": ""
    }
},
{
    "model": "admin.logentry",
    "pk": 42,
    "fields": {
        "action_time": "2018-03-21T06:28:52.357Z",
        "user": 1,
        "content_type": 8,
        "object_id": "6",
        "object_repr": "\u30eb\u30d3\u30fc\u30af\u30ea\u30b9\u30bf\u30eb",
        "action_flag": 3,
        "change_message": ""
    }
},
{
    "model": "admin.logentry",
    "pk": 43,
    "fields": {
        "action_time": "2018-03-21T06:28:52.369Z",
        "user": 1,
        "content_type": 8,
        "object_id": "5",
        "object_repr": "\u30b5\u30d5\u30a1\u30a4\u30a2\u30af\u30ea\u30b9\u30bf\u30eb",
        "action_flag": 3,
        "change_message": ""
    }
},
{
    "model": "admin.logentry",
    "pk": 44,
    "fields": {
        "action_time": "2018-03-21T06:28:52.379Z",
        "user": 1,
        "content_type": 8,
        "object_id": "4",
        "object_repr": "\u30d5\u30a1\u30fc\u30b8",
        "action_flag": 3,
        "change_message": ""
    }
},
{
    "model": "admin.logentry",
    "pk": 45,
    "fields": {
        "action_time": "2018-03-21T06:28:52.389Z",
        "user": 1,
        "content_type": 8,
        "object_id": "3",
        "object_repr": "\u30b7\u30fc\u30f3",
        "action_flag": 3,
        "change_message": ""
    }
},
{
    "model": "admin.logentry",
    "pk": 46,
    "fields": {
        "action_time": "2018-03-21T06:28:52.401Z",
        "user": 1,
        "content_type": 8,
        "object_id": "2",
        "object_repr": "\u30b9\u30c6\u30a3\u30f3\u30ac\u30fc",
        "action_flag": 3,
        "change_message": ""
    }
},
{
    "model": "admin.logentry",
    "pk": 47,
    "fields": {
        "action_time": "2018-03-21T06:28:52.410Z",
        "user": 1,
        "content_type": 8,
        "object_id": "1",
        "object_repr": "\u30c8\u30ea\u30cb\u30c6\u30a3\u30fb\u30d5\u30a9\u30fc\u30b9",
        "action_flag": 3,
        "change_message": ""
    }
},
{
    "model": "admin.logentry",
    "pk": 48,
    "fields": {
        "action_time": "2018-03-22T02:31:17.857Z",
        "user": 1,
        "content_type": 8,
        "object_id": "12",
        "object_repr": "\u30b7\u30fc\u30f3",
        "action_flag": 2,
        "change_message": "[{\"added\": {\"name\": \"stats\", \"object\": \"CooldownReduction\"}}]"
    }
}
]
